{
	"Version": 3,
	"Meta": {
		"PhysicsSettingCount": 13,
		"TotalInputCount": 26,
		"TotalOutputCount": 32,
		"VertexCount": 43,
		"EffectiveForces": {
			"Gravity": {
				"X": 0,
				"Y": -1
			},
			"Wind": {
				"X": 0,
				"Y": 0
			}
		},
		"PhysicsDictionary": [
			{
				"Id": "PhysicsSetting1",
				"Name": "Ztongkong"
			},
			{
				"Id": "PhysicsSetting2",
				"Name": "Zyanqiu yanchi"
			},
			{
				"Id": "PhysicsSetting3",
				"Name": "Zeyebrow"
			},
			{
				"Id": "PhysicsSetting4",
				"Name": "Zyanqiu  X"
			},
			{
				"Id": "PhysicsSetting5",
				"Name": "Zyanqiu Y"
			},
			{
				"Id": "PhysicsSetting6",
				"Name": "Zyankuang"
			},
			{
				"Id": "PhysicsSetting7",
				"Name": "Zyankuangqiu yanchi"
			},
			{
				"Id": "PhysicsSetting8",
				"Name": "辫子"
			},
			{
				"Id": "PhysicsSetting9",
				"Name": "耳朵"
			},
			{
				"Id": "PhysicsSetting10",
				"Name": "尾巴"
			},
			{
				"Id": "PhysicsSetting11",
				"Name": "尾巴蒙皮"
			},
			{
				"Id": "PhysicsSetting12",
				"Name": "蝴蝶结"
			},
			{
				"Id": "PhysicsSetting13",
				"Name": "斗篷"
			}
		]
	},
	"PhysicsSettings": [
		{
			"Id": "PhysicsSetting1",
			"Input": [
				{
					"Source": {
						"Target": "Parameter",
						"Id": "ParamEyeLOpen"
					},
					"Weight": 50,
					"Type": "X",
					"Reflect": false
				},
				{
					"Source": {
						"Target": "Parameter",
						"Id": "ParamEyeROpen"
					},
					"Weight": 50,
					"Type": "X",
					"Reflect": false
				}
			],
			"Output": [
				{
					"Destination": {
						"Target": "Parameter",
						"Id": "Param10"
					},
					"VertexIndex": 1,
					"Scale": 35,
					"Weight": 100,
					"Type": "Angle",
					"Reflect": false
				}
			],
			"Vertices": [
				{
					"Position": {
						"X": 0,
						"Y": 0
					},
					"Mobility": 1,
					"Delay": 1,
					"Acceleration": 1,
					"Radius": 0
				},
				{
					"Position": {
						"X": 0,
						"Y": 21
					},
					"Mobility": 0.72,
					"Delay": 0.52,
					"Acceleration": 3.78,
					"Radius": 21
				}
			],
			"Normalization": {
				"Position": {
					"Minimum": -10,
					"Default": 5,
					"Maximum": 10
				},
				"Angle": {
					"Minimum": -10,
					"Default": 2.4,
					"Maximum": 10
				}
			}
		},
		{
			"Id": "PhysicsSetting2",
			"Input": [
				{
					"Source": {
						"Target": "Parameter",
						"Id": "ParamEyeLOpen"
					},
					"Weight": 50,
					"Type": "X",
					"Reflect": false
				},
				{
					"Source": {
						"Target": "Parameter",
						"Id": "ParamEyeROpen"
					},
					"Weight": 50,
					"Type": "X",
					"Reflect": false
				}
			],
			"Output": [
				{
					"Destination": {
						"Target": "Parameter",
						"Id": "Param5"
					},
					"VertexIndex": 1,
					"Scale": 25,
					"Weight": 100,
					"Type": "Angle",
					"Reflect": false
				},
				{
					"Destination": {
						"Target": "Parameter",
						"Id": "Param8"
					},
					"VertexIndex": 2,
					"Scale": 40,
					"Weight": 100,
					"Type": "Angle",
					"Reflect": false
				}
			],
			"Vertices": [
				{
					"Position": {
						"X": 0,
						"Y": 0
					},
					"Mobility": 1,
					"Delay": 1,
					"Acceleration": 1,
					"Radius": 0
				},
				{
					"Position": {
						"X": 0,
						"Y": 17
					},
					"Mobility": 0.85,
					"Delay": 0.74,
					"Acceleration": 1.41,
					"Radius": 17
				},
				{
					"Position": {
						"X": 0,
						"Y": 44
					},
					"Mobility": 0.83,
					"Delay": 0.69,
					"Acceleration": 2.18,
					"Radius": 27
				}
			],
			"Normalization": {
				"Position": {
					"Minimum": -10,
					"Default": 5,
					"Maximum": 10
				},
				"Angle": {
					"Minimum": -10,
					"Default": 0,
					"Maximum": 10
				}
			}
		},
		{
			"Id": "PhysicsSetting3",
			"Input": [
				{
					"Source": {
						"Target": "Parameter",
						"Id": "ParamEyeLOpen"
					},
					"Weight": 50,
					"Type": "X",
					"Reflect": false
				},
				{
					"Source": {
						"Target": "Parameter",
						"Id": "ParamEyeROpen"
					},
					"Weight": 50,
					"Type": "X",
					"Reflect": false
				}
			],
			"Output": [
				{
					"Destination": {
						"Target": "Parameter",
						"Id": "Param"
					},
					"VertexIndex": 1,
					"Scale": 5,
					"Weight": 100,
					"Type": "Angle",
					"Reflect": false
				}
			],
			"Vertices": [
				{
					"Position": {
						"X": 0,
						"Y": 0
					},
					"Mobility": 1,
					"Delay": 1,
					"Acceleration": 1,
					"Radius": 0
				},
				{
					"Position": {
						"X": 0,
						"Y": 39
					},
					"Mobility": 0.52,
					"Delay": 1,
					"Acceleration": 1.78,
					"Radius": 39
				}
			],
			"Normalization": {
				"Position": {
					"Minimum": -10,
					"Default": 0,
					"Maximum": 10
				},
				"Angle": {
					"Minimum": -10,
					"Default": 0,
					"Maximum": 10
				}
			}
		},
		{
			"Id": "PhysicsSetting4",
			"Input": [
				{
					"Source": {
						"Target": "Parameter",
						"Id": "ParamEyeBallX"
					},
					"Weight": 100,
					"Type": "X",
					"Reflect": false
				}
			],
			"Output": [
				{
					"Destination": {
						"Target": "Parameter",
						"Id": "Param3"
					},
					"VertexIndex": 1,
					"Scale": 13,
					"Weight": 100,
					"Type": "Angle",
					"Reflect": true
				}
			],
			"Vertices": [
				{
					"Position": {
						"X": 0,
						"Y": 0
					},
					"Mobility": 1,
					"Delay": 1,
					"Acceleration": 1,
					"Radius": 0
				},
				{
					"Position": {
						"X": 0,
						"Y": 30
					},
					"Mobility": 0.64,
					"Delay": 1.4,
					"Acceleration": 0.34,
					"Radius": 30
				}
			],
			"Normalization": {
				"Position": {
					"Minimum": -10,
					"Default": 0,
					"Maximum": 10
				},
				"Angle": {
					"Minimum": -10,
					"Default": 0,
					"Maximum": 10
				}
			}
		},
		{
			"Id": "PhysicsSetting5",
			"Input": [
				{
					"Source": {
						"Target": "Parameter",
						"Id": "ParamEyeBallY"
					},
					"Weight": 100,
					"Type": "X",
					"Reflect": false
				}
			],
			"Output": [
				{
					"Destination": {
						"Target": "Parameter",
						"Id": "Param2"
					},
					"VertexIndex": 1,
					"Scale": 13,
					"Weight": 100,
					"Type": "Angle",
					"Reflect": true
				}
			],
			"Vertices": [
				{
					"Position": {
						"X": 0,
						"Y": 0
					},
					"Mobility": 1,
					"Delay": 1,
					"Acceleration": 1,
					"Radius": 0
				},
				{
					"Position": {
						"X": 0,
						"Y": 24
					},
					"Mobility": 0.85,
					"Delay": 1,
					"Acceleration": 0.48,
					"Radius": 24
				},
				{
					"Position": {
						"X": 0,
						"Y": 45
					},
					"Mobility": 0.88,
					"Delay": 1,
					"Acceleration": 0.85,
					"Radius": 21
				}
			],
			"Normalization": {
				"Position": {
					"Minimum": -10,
					"Default": 0,
					"Maximum": 10
				},
				"Angle": {
					"Minimum": -10,
					"Default": 0,
					"Maximum": 10
				}
			}
		},
		{
			"Id": "PhysicsSetting6",
			"Input": [
				{
					"Source": {
						"Target": "Parameter",
						"Id": "ParamEyeLOpen"
					},
					"Weight": 50,
					"Type": "X",
					"Reflect": false
				},
				{
					"Source": {
						"Target": "Parameter",
						"Id": "ParamEyeROpen"
					},
					"Weight": 50,
					"Type": "X",
					"Reflect": false
				}
			],
			"Output": [
				{
					"Destination": {
						"Target": "Parameter",
						"Id": "Param4"
					},
					"VertexIndex": 1,
					"Scale": 15,
					"Weight": 100,
					"Type": "Angle",
					"Reflect": false
				},
				{
					"Destination": {
						"Target": "Parameter",
						"Id": "Param9"
					},
					"VertexIndex": 1,
					"Scale": 25,
					"Weight": 100,
					"Type": "Angle",
					"Reflect": true
				}
			],
			"Vertices": [
				{
					"Position": {
						"X": 0,
						"Y": 0
					},
					"Mobility": 1,
					"Delay": 1,
					"Acceleration": 1,
					"Radius": 0
				},
				{
					"Position": {
						"X": 0,
						"Y": 10
					},
					"Mobility": 0.77,
					"Delay": 0.52,
					"Acceleration": 3.78,
					"Radius": 10
				}
			],
			"Normalization": {
				"Position": {
					"Minimum": -10,
					"Default": 5,
					"Maximum": 10
				},
				"Angle": {
					"Minimum": -10,
					"Default": 2.4,
					"Maximum": 10
				}
			}
		},
		{
			"Id": "PhysicsSetting7",
			"Input": [
				{
					"Source": {
						"Target": "Parameter",
						"Id": "ParamEyeLOpen"
					},
					"Weight": 50,
					"Type": "X",
					"Reflect": false
				},
				{
					"Source": {
						"Target": "Parameter",
						"Id": "ParamEyeROpen"
					},
					"Weight": 50,
					"Type": "X",
					"Reflect": false
				}
			],
			"Output": [
				{
					"Destination": {
						"Target": "Parameter",
						"Id": "Param5"
					},
					"VertexIndex": 1,
					"Scale": 40,
					"Weight": 100,
					"Type": "Angle",
					"Reflect": false
				},
				{
					"Destination": {
						"Target": "Parameter",
						"Id": "Param6"
					},
					"VertexIndex": 2,
					"Scale": 8,
					"Weight": 100,
					"Type": "Angle",
					"Reflect": false
				},
				{
					"Destination": {
						"Target": "Parameter",
						"Id": "Param8"
					},
					"VertexIndex": 2,
					"Scale": 9,
					"Weight": 100,
					"Type": "Angle",
					"Reflect": false
				}
			],
			"Vertices": [
				{
					"Position": {
						"X": 0,
						"Y": 0
					},
					"Mobility": 1,
					"Delay": 1,
					"Acceleration": 1,
					"Radius": 0
				},
				{
					"Position": {
						"X": 0,
						"Y": 10
					},
					"Mobility": 0.85,
					"Delay": 0.74,
					"Acceleration": 1.41,
					"Radius": 10
				},
				{
					"Position": {
						"X": 0,
						"Y": 37
					},
					"Mobility": 0.83,
					"Delay": 0.69,
					"Acceleration": 2.18,
					"Radius": 27
				}
			],
			"Normalization": {
				"Position": {
					"Minimum": -10,
					"Default": 0,
					"Maximum": 10
				},
				"Angle": {
					"Minimum": -10,
					"Default": 0,
					"Maximum": 10
				}
			}
		},
		{
			"Id": "PhysicsSetting8",
			"Input": [
				{
					"Source": {
						"Target": "Parameter",
						"Id": "ParamAngleX"
					},
					"Weight": 0,
					"Type": "X",
					"Reflect": false
				},
				{
					"Source": {
						"Target": "Parameter",
						"Id": "ParamAngleZ"
					},
					"Weight": 30,
					"Type": "Angle",
					"Reflect": false
				},
				{
					"Source": {
						"Target": "Parameter",
						"Id": "ParamBodyAngleX"
					},
					"Weight": 40,
					"Type": "X",
					"Reflect": false
				},
				{
					"Source": {
						"Target": "Parameter",
						"Id": "ParamBodyAngleZ"
					},
					"Weight": 40,
					"Type": "Angle",
					"Reflect": false
				}
			],
			"Output": [
				{
					"Destination": {
						"Target": "Parameter",
						"Id": "ParamHairSide"
					},
					"VertexIndex": 1,
					"Scale": 1.252,
					"Weight": 100,
					"Type": "Angle",
					"Reflect": false
				},
				{
					"Destination": {
						"Target": "Parameter",
						"Id": "Param11"
					},
					"VertexIndex": 2,
					"Scale": 30,
					"Weight": 100,
					"Type": "Angle",
					"Reflect": false
				}
			],
			"Vertices": [
				{
					"Position": {
						"X": 0,
						"Y": 0
					},
					"Mobility": 1,
					"Delay": 1,
					"Acceleration": 1,
					"Radius": 0
				},
				{
					"Position": {
						"X": 0,
						"Y": 10
					},
					"Mobility": 0.9,
					"Delay": 0.8,
					"Acceleration": 1.5,
					"Radius": 10
				},
				{
					"Position": {
						"X": 0,
						"Y": 18
					},
					"Mobility": 0.8,
					"Delay": 0.8,
					"Acceleration": 1.5,
					"Radius": 8
				}
			],
			"Normalization": {
				"Position": {
					"Minimum": -10,
					"Default": 0,
					"Maximum": 10
				},
				"Angle": {
					"Minimum": -10,
					"Default": 0,
					"Maximum": 10
				}
			}
		},
		{
			"Id": "PhysicsSetting9",
			"Input": [
				{
					"Source": {
						"Target": "Parameter",
						"Id": "ParamEyeLOpen"
					},
					"Weight": 28,
					"Type": "Angle",
					"Reflect": false
				},
				{
					"Source": {
						"Target": "Parameter",
						"Id": "Param12"
					},
					"Weight": 20,
					"Type": "Angle",
					"Reflect": false
				},
				{
					"Source": {
						"Target": "Parameter",
						"Id": "Param13"
					},
					"Weight": 20,
					"Type": "Angle",
					"Reflect": true
				}
			],
			"Output": [
				{
					"Destination": {
						"Target": "Parameter",
						"Id": "Param14"
					},
					"VertexIndex": 1,
					"Scale": 30,
					"Weight": 100,
					"Type": "Angle",
					"Reflect": false
				},
				{
					"Destination": {
						"Target": "Parameter",
						"Id": "Param15"
					},
					"VertexIndex": 3,
					"Scale": 30,
					"Weight": 100,
					"Type": "Angle",
					"Reflect": false
				}
			],
			"Vertices": [
				{
					"Position": {
						"X": 0,
						"Y": 0
					},
					"Mobility": 1,
					"Delay": 1,
					"Acceleration": 0.9,
					"Radius": 0
				},
				{
					"Position": {
						"X": 0,
						"Y": 10
					},
					"Mobility": 0.9,
					"Delay": 0.9,
					"Acceleration": 0.9,
					"Radius": 10
				},
				{
					"Position": {
						"X": 0,
						"Y": 20
					},
					"Mobility": 0.83,
					"Delay": 0.85,
					"Acceleration": 0.9,
					"Radius": 10
				},
				{
					"Position": {
						"X": 0,
						"Y": 30
					},
					"Mobility": 0.73,
					"Delay": 0.67,
					"Acceleration": 0.9,
					"Radius": 10
				}
			],
			"Normalization": {
				"Position": {
					"Minimum": -10,
					"Default": 0,
					"Maximum": 10
				},
				"Angle": {
					"Minimum": -57.3,
					"Default": 0,
					"Maximum": 57.3
				}
			}
		},
		{
			"Id": "PhysicsSetting10",
			"Input": [
				{
					"Source": {
						"Target": "Parameter",
						"Id": "ParamBreath"
					},
					"Weight": 100,
					"Type": "Angle",
					"Reflect": false
				}
			],
			"Output": [
				{
					"Destination": {
						"Target": "Parameter",
						"Id": "Param16"
					},
					"VertexIndex": 1,
					"Scale": 140,
					"Weight": 100,
					"Type": "Angle",
					"Reflect": false
				}
			],
			"Vertices": [
				{
					"Position": {
						"X": 0,
						"Y": 0
					},
					"Mobility": 1,
					"Delay": 1,
					"Acceleration": 1,
					"Radius": 0
				},
				{
					"Position": {
						"X": 0,
						"Y": 10
					},
					"Mobility": 0.75,
					"Delay": 1,
					"Acceleration": 1,
					"Radius": 10
				}
			],
			"Normalization": {
				"Position": {
					"Minimum": -10,
					"Default": 0,
					"Maximum": 10
				},
				"Angle": {
					"Minimum": -9.9,
					"Default": 0,
					"Maximum": 10
				}
			}
		},
		{
			"Id": "PhysicsSetting11",
			"Input": [
				{
					"Source": {
						"Target": "Parameter",
						"Id": "Param16"
					},
					"Weight": 100,
					"Type": "Angle",
					"Reflect": false
				}
			],
			"Output": [
				{
					"Destination": {
						"Target": "Parameter",
						"Id": "Param_Angle_Rotation_1_ArtMesh122"
					},
					"VertexIndex": 1,
					"Scale": 40,
					"Weight": 100,
					"Type": "Angle",
					"Reflect": false
				},
				{
					"Destination": {
						"Target": "Parameter",
						"Id": "Param_Angle_Rotation_2_ArtMesh122"
					},
					"VertexIndex": 2,
					"Scale": 40,
					"Weight": 100,
					"Type": "Angle",
					"Reflect": false
				},
				{
					"Destination": {
						"Target": "Parameter",
						"Id": "Param_Angle_Rotation_3_ArtMesh122"
					},
					"VertexIndex": 3,
					"Scale": 40,
					"Weight": 100,
					"Type": "Angle",
					"Reflect": false
				},
				{
					"Destination": {
						"Target": "Parameter",
						"Id": "Param_Angle_Rotation_4_ArtMesh122"
					},
					"VertexIndex": 4,
					"Scale": 40,
					"Weight": 100,
					"Type": "Angle",
					"Reflect": false
				},
				{
					"Destination": {
						"Target": "Parameter",
						"Id": "Param_Angle_Rotation_5_ArtMesh122"
					},
					"VertexIndex": 5,
					"Scale": 40,
					"Weight": 100,
					"Type": "Angle",
					"Reflect": false
				},
				{
					"Destination": {
						"Target": "Parameter",
						"Id": "Param_Angle_Rotation_6_ArtMesh122"
					},
					"VertexIndex": 6,
					"Scale": 40,
					"Weight": 100,
					"Type": "Angle",
					"Reflect": false
				},
				{
					"Destination": {
						"Target": "Parameter",
						"Id": "Param_Angle_Rotation_7_ArtMesh122"
					},
					"VertexIndex": 7,
					"Scale": 40,
					"Weight": 100,
					"Type": "Angle",
					"Reflect": false
				},
				{
					"Destination": {
						"Target": "Parameter",
						"Id": "Param_Angle_Rotation_8_ArtMesh122"
					},
					"VertexIndex": 8,
					"Scale": 40,
					"Weight": 100,
					"Type": "Angle",
					"Reflect": false
				},
				{
					"Destination": {
						"Target": "Parameter",
						"Id": "Param_Angle_Rotation_9_ArtMesh122"
					},
					"VertexIndex": 9,
					"Scale": 40,
					"Weight": 100,
					"Type": "Angle",
					"Reflect": false
				},
				{
					"Destination": {
						"Target": "Parameter",
						"Id": "Param_Angle_Rotation_10_ArtMesh122"
					},
					"VertexIndex": 10,
					"Scale": 40,
					"Weight": 100,
					"Type": "Angle",
					"Reflect": false
				},
				{
					"Destination": {
						"Target": "Parameter",
						"Id": "Param_Angle_Rotation_11_ArtMesh122"
					},
					"VertexIndex": 11,
					"Scale": 40,
					"Weight": 100,
					"Type": "Angle",
					"Reflect": false
				},
				{
					"Destination": {
						"Target": "Parameter",
						"Id": "Param_Angle_Rotation_12_ArtMesh122"
					},
					"VertexIndex": 12,
					"Scale": 40,
					"Weight": 100,
					"Type": "Angle",
					"Reflect": false
				},
				{
					"Destination": {
						"Target": "Parameter",
						"Id": "Param_Angle_Rotation_13_ArtMesh122"
					},
					"VertexIndex": 12,
					"Scale": 40,
					"Weight": 100,
					"Type": "Angle",
					"Reflect": false
				}
			],
			"Vertices": [
				{
					"Position": {
						"X": 0,
						"Y": 0
					},
					"Mobility": 1,
					"Delay": 1,
					"Acceleration": 1,
					"Radius": 0
				},
				{
					"Position": {
						"X": 0,
						"Y": 8
					},
					"Mobility": 0.95,
					"Delay": 0.6,
					"Acceleration": 0.4,
					"Radius": 8
				},
				{
					"Position": {
						"X": 0,
						"Y": 16
					},
					"Mobility": 0.95,
					"Delay": 0.6,
					"Acceleration": 0.4,
					"Radius": 8
				},
				{
					"Position": {
						"X": 0,
						"Y": 24
					},
					"Mobility": 0.95,
					"Delay": 0.6,
					"Acceleration": 0.4,
					"Radius": 8
				},
				{
					"Position": {
						"X": 0,
						"Y": 32
					},
					"Mobility": 0.95,
					"Delay": 0.6,
					"Acceleration": 0.4,
					"Radius": 8
				},
				{
					"Position": {
						"X": 0,
						"Y": 40
					},
					"Mobility": 0.95,
					"Delay": 0.6,
					"Acceleration": 0.4,
					"Radius": 8
				},
				{
					"Position": {
						"X": 0,
						"Y": 48
					},
					"Mobility": 0.95,
					"Delay": 0.6,
					"Acceleration": 0.4,
					"Radius": 8
				},
				{
					"Position": {
						"X": 0,
						"Y": 56
					},
					"Mobility": 0.95,
					"Delay": 0.6,
					"Acceleration": 0.4,
					"Radius": 8
				},
				{
					"Position": {
						"X": 0,
						"Y": 64
					},
					"Mobility": 0.95,
					"Delay": 0.6,
					"Acceleration": 0.4,
					"Radius": 8
				},
				{
					"Position": {
						"X": 0,
						"Y": 72
					},
					"Mobility": 0.95,
					"Delay": 0.61,
					"Acceleration": 0.4,
					"Radius": 8
				},
				{
					"Position": {
						"X": 0,
						"Y": 80
					},
					"Mobility": 0.95,
					"Delay": 0.63,
					"Acceleration": 0.4,
					"Radius": 8
				},
				{
					"Position": {
						"X": 0,
						"Y": 88
					},
					"Mobility": 0.95,
					"Delay": 0.65,
					"Acceleration": 0.4,
					"Radius": 8
				},
				{
					"Position": {
						"X": 0,
						"Y": 96
					},
					"Mobility": 0.95,
					"Delay": 0.7,
					"Acceleration": 0.4,
					"Radius": 8
				}
			],
			"Normalization": {
				"Position": {
					"Minimum": -10,
					"Default": 0,
					"Maximum": 10
				},
				"Angle": {
					"Minimum": -10,
					"Default": 0,
					"Maximum": 10
				}
			}
		},
		{
			"Id": "PhysicsSetting12",
			"Input": [
				{
					"Source": {
						"Target": "Parameter",
						"Id": "ParamAngleX"
					},
					"Weight": 70,
					"Type": "Angle",
					"Reflect": false
				},
				{
					"Source": {
						"Target": "Parameter",
						"Id": "ParamAngleY"
					},
					"Weight": 50,
					"Type": "X",
					"Reflect": false
				}
			],
			"Output": [
				{
					"Destination": {
						"Target": "Parameter",
						"Id": "Param17"
					},
					"VertexIndex": 1,
					"Scale": 50,
					"Weight": 100,
					"Type": "Angle",
					"Reflect": false
				}
			],
			"Vertices": [
				{
					"Position": {
						"X": 0,
						"Y": 0
					},
					"Mobility": 1,
					"Delay": 1,
					"Acceleration": 1,
					"Radius": 0
				},
				{
					"Position": {
						"X": 0,
						"Y": 10
					},
					"Mobility": 0.95,
					"Delay": 1,
					"Acceleration": 1,
					"Radius": 10
				}
			],
			"Normalization": {
				"Position": {
					"Minimum": -10,
					"Default": 0,
					"Maximum": 10
				},
				"Angle": {
					"Minimum": -10,
					"Default": 0,
					"Maximum": 10
				}
			}
		},
		{
			"Id": "PhysicsSetting13",
			"Input": [
				{
					"Source": {
						"Target": "Parameter",
						"Id": "ParamBodyAngleX"
					},
					"Weight": 50,
					"Type": "X",
					"Reflect": false
				},
				{
					"Source": {
						"Target": "Parameter",
						"Id": "ParamBodyAngleZ"
					},
					"Weight": 100,
					"Type": "Angle",
					"Reflect": false
				},
				{
					"Source": {
						"Target": "Parameter",
						"Id": "ParamAngleY"
					},
					"Weight": 50,
					"Type": "X",
					"Reflect": false
				}
			],
			"Output": [
				{
					"Destination": {
						"Target": "Parameter",
						"Id": "Param18"
					},
					"VertexIndex": 1,
					"Scale": 10,
					"Weight": 100,
					"Type": "Angle",
					"Reflect": false
				},
				{
					"Destination": {
						"Target": "Parameter",
						"Id": "Param19"
					},
					"VertexIndex": 1,
					"Scale": 20,
					"Weight": 100,
					"Type": "Angle",
					"Reflect": false
				}
			],
			"Vertices": [
				{
					"Position": {
						"X": 0,
						"Y": 0
					},
					"Mobility": 1,
					"Delay": 1,
					"Acceleration": 1,
					"Radius": 0
				},
				{
					"Position": {
						"X": 0,
						"Y": 10
					},
					"Mobility": 0.9,
					"Delay": 0.6,
					"Acceleration": 1.5,
					"Radius": 10
				}
			],
			"Normalization": {
				"Position": {
					"Minimum": -10,
					"Default": 0,
					"Maximum": 10
				},
				"Angle": {
					"Minimum": -10,
					"Default": 0,
					"Maximum": 10
				}
			}
		}
	]
}