{
	"Version": 3,
	"FileReferences": {
		"Moc": "demomodel.moc3",
		"Textures": [
			"demomodel.2048/texture_00.png"
		],
		"Physics": "demomodel.physics3.json",
		"DisplayInfo": "demomodel.cdi3.json",
		"Expressions": [
			{
				"Name": "expression1",
				"File": "expression1.exp3.json"
			},
			{
				"Name": "expression2",
				"File": "expression2.exp3.json"
			},
			{
				"Name": "expression3",
				"File": "expression3.exp3.json"
			}
		],
		"Motions": {
			"CAT_motion_lock": [
				{
					"File": "live2d_motion1.motion3.json",
					"FadeInTime": 0,
					"FadeOutTime": 0
				},
				{
					"File": "live2d_motion2.motion3.json",
					"FadeInTime": 0,
					"FadeOutTime": 0
				},
				{
					"File": "live2d_motion3.motion3.json",
					"FadeInTime": 0,
					"FadeOutTime": 0
				},
				{
					"File": "live2d_motion4.motion3.json",
					"FadeInTime": 0,
					"FadeOutTime": 0
				},
				{
					"File": "live2d_motion5.motion3.json",
					"FadeInTime": 0,
					"FadeOutTime": 0
				}
			]
		}
	},
	"Groups": [
		{
			"Target": "Parameter",
			"Name": "EyeBlink",
			"Ids": [
				"ParamEyeLOpen",
				"ParamEyeROpen"
			]
		},
		{
			"Target": "Parameter",
			"Name": "LipSync",
			"Ids": []
		}
	],
	"HitAreas": []
}