{
	"Version": 3,
	"Parameters": [
		{
			"Id": "Param133",
			"GroupId": "",
			"Name": "水印"
		},
		{
			"Id": "Param",
			"GroupId": "ParamGroup",
			"Name": "Zeyebrow"
		},
		{
			"Id": "ParamBrowLForm",
			"GroupId": "ParamGroup",
			"Name": "左眉　変形"
		},
		{
			"Id": "ParamBrowRForm",
			"GroupId": "ParamGroup",
			"Name": "右眉　変形"
		},
		{
			"Id": "ParamBrowLY",
			"GroupId": "ParamGroup",
			"Name": "左眉上下"
		},
		{
			"Id": "ParamBrowRY",
			"GroupId": "ParamGroup",
			"Name": "右眉　上下"
		},
		{
			"Id": "ParamBrowLX",
			"GroupId": "ParamGroup",
			"Name": "左眉　左右"
		},
		{
			"Id": "ParamBrowRX",
			"GroupId": "ParamGroup",
			"Name": "右眉　左右"
		},
		{
			"Id": "ParamBrowLAngle",
			"GroupId": "ParamGroup",
			"Name": "左眉　角度"
		},
		{
			"Id": "ParamBrowRAngle",
			"GroupId": "ParamGroup",
			"Name": "右眉　角度"
		},
		{
			"Id": "Param2",
			"GroupId": "ParamGroup",
			"Name": "左眉 生气"
		},
		{
			"Id": "Param3",
			"GroupId": "ParamGroup4",
			"Name": "Zyan Y1"
		},
		{
			"Id": "Param4",
			"GroupId": "ParamGroup4",
			"Name": "Zyan X"
		},
		{
			"Id": "ParamEyeROpen",
			"GroupId": "ParamGroup2",
			"Name": "右眼"
		},
		{
			"Id": "ParamEyeLOpen",
			"GroupId": "ParamGroup2",
			"Name": "左眼　开闭"
		},
		{
			"Id": "ParamEyeBallX",
			"GroupId": "ParamGroup2",
			"Name": "眼珠 X"
		},
		{
			"Id": "ParamEyeBallY",
			"GroupId": "ParamGroup2",
			"Name": "眼珠 Y"
		},
		{
			"Id": "ParamAngleX",
			"GroupId": "ParamGroup3",
			"Name": "角度 X"
		},
		{
			"Id": "ParamAngleY",
			"GroupId": "ParamGroup3",
			"Name": "角度 Y"
		},
		{
			"Id": "ParamAngleZ",
			"GroupId": "ParamGroup3",
			"Name": "角度 Z"
		},
		{
			"Id": "Param5",
			"GroupId": "ParamGroup5",
			"Name": "Ztongkong"
		},
		{
			"Id": "Param6",
			"GroupId": "ParamGroup5",
			"Name": "Zgaoguang"
		},
		{
			"Id": "Param7",
			"GroupId": "ParamGroup5",
			"Name": "Zgaoguang size"
		},
		{
			"Id": "Param8",
			"GroupId": "ParamGroup5",
			"Name": "Zyanqiu size"
		},
		{
			"Id": "Param9",
			"GroupId": "ParamGroup5",
			"Name": "Zyanqiu yanchi"
		},
		{
			"Id": "Param10",
			"GroupId": "ParamGroup6",
			"Name": "Zyankuang"
		},
		{
			"Id": "ParamEyeLSmile",
			"GroupId": "ParamGroup6",
			"Name": "左眼　微笑"
		},
		{
			"Id": "Param12",
			"GroupId": "ParamGroup7",
			"Name": "Zyan Y2"
		},
		{
			"Id": "Param13",
			"GroupId": "ParamGroup8",
			"Name": "z1"
		},
		{
			"Id": "Param14",
			"GroupId": "ParamGroup8",
			"Name": "z1"
		},
		{
			"Id": "Param15",
			"GroupId": "ParamGroup8",
			"Name": "z1"
		},
		{
			"Id": "Param16",
			"GroupId": "ParamGroup8",
			"Name": "z2"
		},
		{
			"Id": "Param17",
			"GroupId": "ParamGroup8",
			"Name": "z2"
		},
		{
			"Id": "Param18",
			"GroupId": "ParamGroup8",
			"Name": "z2"
		},
		{
			"Id": "Param19",
			"GroupId": "ParamGroup8",
			"Name": "z3"
		},
		{
			"Id": "Param20",
			"GroupId": "ParamGroup8",
			"Name": "z3"
		},
		{
			"Id": "Param21",
			"GroupId": "ParamGroup8",
			"Name": "z3"
		},
		{
			"Id": "Param22",
			"GroupId": "ParamGroup8",
			"Name": "z4"
		},
		{
			"Id": "Param23",
			"GroupId": "ParamGroup8",
			"Name": "z4"
		},
		{
			"Id": "Param24",
			"GroupId": "ParamGroup8",
			"Name": "z4"
		},
		{
			"Id": "Param25",
			"GroupId": "ParamGroup8",
			"Name": "z5"
		},
		{
			"Id": "Param26",
			"GroupId": "ParamGroup8",
			"Name": "z5"
		},
		{
			"Id": "Param27",
			"GroupId": "ParamGroup8",
			"Name": "z5"
		},
		{
			"Id": "Param28",
			"GroupId": "ParamGroup8",
			"Name": "z6"
		},
		{
			"Id": "Param29",
			"GroupId": "ParamGroup8",
			"Name": "z6"
		},
		{
			"Id": "Param30",
			"GroupId": "ParamGroup8",
			"Name": "z6"
		},
		{
			"Id": "Param31",
			"GroupId": "ParamGroup8",
			"Name": "z7"
		},
		{
			"Id": "Param32",
			"GroupId": "ParamGroup8",
			"Name": "z7"
		},
		{
			"Id": "Param33",
			"GroupId": "ParamGroup8",
			"Name": "z7"
		},
		{
			"Id": "Param34",
			"GroupId": "ParamGroup8",
			"Name": "z8"
		},
		{
			"Id": "Param35",
			"GroupId": "ParamGroup8",
			"Name": "z8"
		},
		{
			"Id": "Param36",
			"GroupId": "ParamGroup8",
			"Name": "z8"
		},
		{
			"Id": "Param37",
			"GroupId": "ParamGroup8",
			"Name": "z9"
		},
		{
			"Id": "Param38",
			"GroupId": "ParamGroup8",
			"Name": "z9"
		},
		{
			"Id": "Param39",
			"GroupId": "ParamGroup8",
			"Name": "z10"
		},
		{
			"Id": "Param40",
			"GroupId": "ParamGroup8",
			"Name": "z10"
		},
		{
			"Id": "Param41",
			"GroupId": "ParamGroup8",
			"Name": "z10"
		},
		{
			"Id": "Param42",
			"GroupId": "ParamGroup8",
			"Name": "z11"
		},
		{
			"Id": "Param43",
			"GroupId": "ParamGroup8",
			"Name": "z11"
		},
		{
			"Id": "Param44",
			"GroupId": "ParamGroup8",
			"Name": "z11"
		},
		{
			"Id": "Param45",
			"GroupId": "ParamGroup8",
			"Name": "z12"
		},
		{
			"Id": "Param46",
			"GroupId": "ParamGroup8",
			"Name": "z12"
		},
		{
			"Id": "Param50",
			"GroupId": "ParamGroup9",
			"Name": "angle"
		},
		{
			"Id": "Param49",
			"GroupId": "ParamGroup9",
			"Name": "yoko"
		},
		{
			"Id": "Param47",
			"GroupId": "ParamGroup9",
			"Name": "yr1"
		},
		{
			"Id": "Param48",
			"GroupId": "ParamGroup9",
			"Name": "yr2"
		},
		{
			"Id": "Param51",
			"GroupId": "ParamGroup10",
			"Name": "1"
		},
		{
			"Id": "Param52",
			"GroupId": "ParamGroup10",
			"Name": "1"
		},
		{
			"Id": "Param53",
			"GroupId": "ParamGroup10",
			"Name": "2-1"
		},
		{
			"Id": "Param54",
			"GroupId": "ParamGroup10",
			"Name": "2-1"
		},
		{
			"Id": "Param55",
			"GroupId": "ParamGroup10",
			"Name": "2-2"
		},
		{
			"Id": "Param56",
			"GroupId": "ParamGroup10",
			"Name": "2-2"
		},
		{
			"Id": "Param57",
			"GroupId": "ParamGroup10",
			"Name": "尾1"
		},
		{
			"Id": "Param58",
			"GroupId": "ParamGroup10",
			"Name": "尾1"
		},
		{
			"Id": "Param59",
			"GroupId": "ParamGroup10",
			"Name": "尾2"
		},
		{
			"Id": "Param60",
			"GroupId": "ParamGroup10",
			"Name": "尾2"
		},
		{
			"Id": "Param61",
			"GroupId": "ParamGroup10",
			"Name": "遮挡1"
		},
		{
			"Id": "Param62",
			"GroupId": "ParamGroup10",
			"Name": "遮挡1"
		},
		{
			"Id": "Param63",
			"GroupId": "ParamGroup10",
			"Name": "遮挡1"
		},
		{
			"Id": "Param64",
			"GroupId": "ParamGroup10",
			"Name": "牌"
		},
		{
			"Id": "Param65",
			"GroupId": "ParamGroup10",
			"Name": "牌"
		},
		{
			"Id": "CatParamLeftHandDown",
			"GroupId": "ParamGroup11",
			"Name": "按键手消失"
		},
		{
			"Id": "Param66",
			"GroupId": "ParamGroup11",
			"Name": "左手消失"
		},
		{
			"Id": "ParamMouseLeftDown",
			"GroupId": "ParamGroup11",
			"Name": "左键"
		},
		{
			"Id": "ParamMouseRightDown",
			"GroupId": "ParamGroup11",
			"Name": "右键"
		},
		{
			"Id": "ParamMouseX",
			"GroupId": "ParamGroup11",
			"Name": "鼠标X"
		},
		{
			"Id": "ParamMouseY",
			"GroupId": "ParamGroup11",
			"Name": "鼠标Y"
		},
		{
			"Id": "Param74",
			"GroupId": "ParamGroup12",
			"Name": "黑眼消失"
		},
		{
			"Id": "Param72",
			"GroupId": "ParamGroup12",
			"Name": "啧"
		},
		{
			"Id": "Param68",
			"GroupId": "ParamGroup12",
			"Name": "啧转向"
		},
		{
			"Id": "Param67",
			"GroupId": "ParamGroup12",
			"Name": "啧路径"
		},
		{
			"Id": "Param73",
			"GroupId": "ParamGroup12",
			"Name": "ze摇晃"
		},
		{
			"Id": "Param69",
			"GroupId": "ParamGroup12",
			"Name": "啧悬浮X"
		},
		{
			"Id": "Param70",
			"GroupId": "ParamGroup12",
			"Name": "啧悬浮Y"
		},
		{
			"Id": "Param71",
			"GroupId": "ParamGroup12",
			"Name": "啧悬浮Z"
		},
		{
			"Id": "Param77",
			"GroupId": "ParamGroup13",
			"Name": "困消失手"
		},
		{
			"Id": "Param130",
			"GroupId": "ParamGroup13",
			"Name": "困转"
		},
		{
			"Id": "Param75",
			"GroupId": "ParamGroup13",
			"Name": "困1"
		},
		{
			"Id": "Param76",
			"GroupId": "ParamGroup13",
			"Name": "困1"
		},
		{
			"Id": "Param84",
			"GroupId": "ParamGroup13",
			"Name": "困"
		},
		{
			"Id": "Param79",
			"GroupId": "ParamGroup13",
			"Name": "困1转向"
		},
		{
			"Id": "Param78",
			"GroupId": "ParamGroup13",
			"Name": "困路径1"
		},
		{
			"Id": "Param80",
			"GroupId": "ParamGroup13",
			"Name": "困1摇晃"
		},
		{
			"Id": "Param85",
			"GroupId": "ParamGroup13",
			"Name": "困2转向"
		},
		{
			"Id": "Param86",
			"GroupId": "ParamGroup13",
			"Name": "困路径2"
		},
		{
			"Id": "Param87",
			"GroupId": "ParamGroup13",
			"Name": "困2摇晃"
		},
		{
			"Id": "Param81",
			"GroupId": "ParamGroup13",
			"Name": "困悬浮X"
		},
		{
			"Id": "Param82",
			"GroupId": "ParamGroup13",
			"Name": "困悬浮Y"
		},
		{
			"Id": "Param83",
			"GroupId": "ParamGroup13",
			"Name": "困悬浮Z"
		},
		{
			"Id": "Param126",
			"GroupId": "ParamGroup14",
			"Name": "猫耳猫尾"
		},
		{
			"Id": "Param101",
			"GroupId": "ParamGroup14",
			"Name": "恼"
		},
		{
			"Id": "Param91",
			"GroupId": "ParamGroup14",
			"Name": "恼变化"
		},
		{
			"Id": "Param92",
			"GroupId": "ParamGroup14",
			"Name": "恼3转向"
		},
		{
			"Id": "Param93",
			"GroupId": "ParamGroup14",
			"Name": "恼路径3"
		},
		{
			"Id": "Param94",
			"GroupId": "ParamGroup14",
			"Name": "恼3摇晃"
		},
		{
			"Id": "Param95",
			"GroupId": "ParamGroup14",
			"Name": "恼2转向"
		},
		{
			"Id": "Param96",
			"GroupId": "ParamGroup14",
			"Name": "恼路径2"
		},
		{
			"Id": "Param97",
			"GroupId": "ParamGroup14",
			"Name": "恼2摇晃"
		},
		{
			"Id": "Param98",
			"GroupId": "ParamGroup14",
			"Name": "恼1转向"
		},
		{
			"Id": "Param99",
			"GroupId": "ParamGroup14",
			"Name": "恼路径1"
		},
		{
			"Id": "Param100",
			"GroupId": "ParamGroup14",
			"Name": "恼1摇晃"
		},
		{
			"Id": "Param102",
			"GroupId": "ParamGroup14",
			"Name": "恼悬浮X"
		},
		{
			"Id": "Param103",
			"GroupId": "ParamGroup14",
			"Name": "恼悬浮Y"
		},
		{
			"Id": "Param104",
			"GroupId": "ParamGroup14",
			"Name": "恼悬浮Z"
		},
		{
			"Id": "Param105",
			"GroupId": "ParamGroup15",
			"Name": "问号"
		},
		{
			"Id": "Param106",
			"GroupId": "ParamGroup15",
			"Name": "问号转向"
		},
		{
			"Id": "Param107",
			"GroupId": "ParamGroup15",
			"Name": "问号路径"
		},
		{
			"Id": "Param108",
			"GroupId": "ParamGroup15",
			"Name": "问号摇晃"
		},
		{
			"Id": "Param109",
			"GroupId": "ParamGroup15",
			"Name": "问号悬浮X"
		},
		{
			"Id": "Param110",
			"GroupId": "ParamGroup15",
			"Name": "问号悬浮Y"
		},
		{
			"Id": "Param111",
			"GroupId": "ParamGroup15",
			"Name": "问号悬浮Z"
		},
		{
			"Id": "Param112",
			"GroupId": "ParamGroup16",
			"Name": "桌子移开"
		},
		{
			"Id": "Param113",
			"GroupId": "ParamGroup16",
			"Name": "桌子物理"
		},
		{
			"Id": "Param114",
			"GroupId": "ParamGroup16",
			"Name": "桌子物理"
		},
		{
			"Id": "Param125",
			"GroupId": "ParamGroup17",
			"Name": "下地"
		},
		{
			"Id": "Param116",
			"GroupId": "ParamGroup17",
			"Name": "拿面具的手"
		},
		{
			"Id": "Param119",
			"GroupId": "ParamGroup17",
			"Name": "面具和手消失"
		},
		{
			"Id": "Param117",
			"GroupId": "ParamGroup17",
			"Name": "拿面具的手物理"
		},
		{
			"Id": "Param115",
			"GroupId": "ParamGroup17",
			"Name": "面具消失(光)"
		},
		{
			"Id": "Param118",
			"GroupId": "ParamGroup17",
			"Name": "面具消失"
		},
		{
			"Id": "Param131",
			"GroupId": "ParamGroup17",
			"Name": "面具透明"
		},
		{
			"Id": "Param124",
			"GroupId": "ParamGroup17",
			"Name": "武器和手消失"
		},
		{
			"Id": "Param120",
			"GroupId": "ParamGroup17",
			"Name": "拿武器的手"
		},
		{
			"Id": "Param121",
			"GroupId": "ParamGroup17",
			"Name": "拿武器的手"
		},
		{
			"Id": "Param122",
			"GroupId": "ParamGroup17",
			"Name": "武器消失发光"
		},
		{
			"Id": "Param123",
			"GroupId": "ParamGroup17",
			"Name": "武器消失"
		},
		{
			"Id": "Param132",
			"GroupId": "ParamGroup17",
			"Name": "武器透明"
		},
		{
			"Id": "Param128",
			"GroupId": "ParamGroup18",
			"Name": "尾巴向下"
		},
		{
			"Id": "Param127",
			"GroupId": "ParamGroup18",
			"Name": "尾巴总"
		},
		{
			"Id": "Param129",
			"GroupId": "ParamGroup20",
			"Name": "尾巴猫耳消失"
		},
		{
			"Id": "ParamEyeRSmile",
			"GroupId": "",
			"Name": "右眼　微笑"
		},
		{
			"Id": "ParamMouthForm",
			"GroupId": "",
			"Name": "嘴　变形"
		},
		{
			"Id": "ParamMouthOpenY",
			"GroupId": "",
			"Name": "嘴　张开和闭合"
		},
		{
			"Id": "Param11",
			"GroupId": "",
			"Name": "yachi"
		},
		{
			"Id": "ParamCheek",
			"GroupId": "",
			"Name": "脸颊泛红"
		},
		{
			"Id": "ParamBodyAngleX",
			"GroupId": "",
			"Name": "身体旋转　X"
		},
		{
			"Id": "ParamBodyAngleY",
			"GroupId": "",
			"Name": "身体旋转　Y"
		},
		{
			"Id": "ParamBodyAngleZ",
			"GroupId": "",
			"Name": "身体旋转　Z"
		},
		{
			"Id": "ParamBreath",
			"GroupId": "",
			"Name": "呼吸"
		},
		{
			"Id": "ParamHairFront",
			"GroupId": "",
			"Name": "摇动 前发"
		},
		{
			"Id": "ParamHairSide",
			"GroupId": "",
			"Name": "摇动 侧发"
		},
		{
			"Id": "ParamHairBack",
			"GroupId": "",
			"Name": "摇动 后发"
		},
		{
			"Id": "Param_Angle_Rotation_1_ArtMesh235",
			"GroupId": "ParamGroup19",
			"Name": "[0]尾巴"
		},
		{
			"Id": "Param_Angle_Rotation_2_ArtMesh235",
			"GroupId": "ParamGroup19",
			"Name": "[1]尾巴"
		},
		{
			"Id": "Param_Angle_Rotation_3_ArtMesh235",
			"GroupId": "ParamGroup19",
			"Name": "[2]尾巴"
		},
		{
			"Id": "Param_Angle_Rotation_4_ArtMesh235",
			"GroupId": "ParamGroup19",
			"Name": "[3]尾巴"
		},
		{
			"Id": "Param_Angle_Rotation_5_ArtMesh235",
			"GroupId": "ParamGroup19",
			"Name": "[4]尾巴"
		},
		{
			"Id": "Param_Angle_Rotation_6_ArtMesh235",
			"GroupId": "ParamGroup19",
			"Name": "[5]尾巴"
		},
		{
			"Id": "Param_Angle_Rotation_7_ArtMesh235",
			"GroupId": "ParamGroup19",
			"Name": "[6]尾巴"
		},
		{
			"Id": "Param_Angle_Rotation_8_ArtMesh235",
			"GroupId": "ParamGroup19",
			"Name": "[7]尾巴"
		},
		{
			"Id": "Param_Angle_Rotation_9_ArtMesh235",
			"GroupId": "ParamGroup19",
			"Name": "[8]尾巴"
		},
		{
			"Id": "Param_Angle_Rotation_10_ArtMesh235",
			"GroupId": "ParamGroup19",
			"Name": "[9]尾巴"
		},
		{
			"Id": "Param_Angle_Rotation_11_ArtMesh235",
			"GroupId": "ParamGroup19",
			"Name": "[10]尾巴"
		}
	],
	"ParameterGroups": [
		{
			"Id": "ParamGroup",
			"GroupId": "",
			"Name": "eyebrow"
		},
		{
			"Id": "ParamGroup4",
			"GroupId": "",
			"Name": "ZyanqiuXY"
		},
		{
			"Id": "ParamGroup2",
			"GroupId": "",
			"Name": "eye"
		},
		{
			"Id": "ParamGroup3",
			"GroupId": "",
			"Name": "XYZ"
		},
		{
			"Id": "ParamGroup5",
			"GroupId": "",
			"Name": "Zyanqiu"
		},
		{
			"Id": "ParamGroup6",
			"GroupId": "",
			"Name": "ZYankuang"
		},
		{
			"Id": "ParamGroup7",
			"GroupId": "",
			"Name": "ZJiemao"
		},
		{
			"Id": "ParamGroup8",
			"GroupId": "",
			"Name": "头发物理"
		},
		{
			"Id": "ParamGroup9",
			"GroupId": "",
			"Name": "猫耳"
		},
		{
			"Id": "ParamGroup10",
			"GroupId": "",
			"Name": "身体物理"
		},
		{
			"Id": "ParamGroup11",
			"GroupId": "",
			"Name": "鼠标"
		},
		{
			"Id": "ParamGroup12",
			"GroupId": "",
			"Name": "啧"
		},
		{
			"Id": "ParamGroup13",
			"GroupId": "",
			"Name": "困"
		},
		{
			"Id": "ParamGroup14",
			"GroupId": "",
			"Name": "恼"
		},
		{
			"Id": "ParamGroup15",
			"GroupId": "",
			"Name": "问号"
		},
		{
			"Id": "ParamGroup16",
			"GroupId": "",
			"Name": "桌子"
		},
		{
			"Id": "ParamGroup17",
			"GroupId": "",
			"Name": "武器"
		},
		{
			"Id": "ParamGroup18",
			"GroupId": "",
			"Name": "尾巴"
		},
		{
			"Id": "ParamGroup20",
			"GroupId": "",
			"Name": "尾巴猫耳消失"
		},
		{
			"Id": "ParamGroup19",
			"GroupId": "",
			"Name": "尾巴"
		}
	],
	"Parts": [
		{
			"Id": "Part2",
			"Name": "组 2 副本"
		},
		{
			"Id": "Part3",
			"Name": "表情 副本"
		},
		{
			"Id": "Part10",
			"Name": "前发 副本"
		},
		{
			"Id": "Part11",
			"Name": "中发"
		},
		{
			"Id": "Part12",
			"Name": "脸 副本 2"
		},
		{
			"Id": "Part16",
			"Name": "猫耳"
		},
		{
			"Id": "Part19",
			"Name": "后发 副本"
		},
		{
			"Id": "Part20",
			"Name": "身体 副本"
		},
		{
			"Id": "Part21",
			"Name": "武器手"
		},
		{
			"Id": "Part23",
			"Name": "鼠标  副本"
		},
		{
			"Id": "Part24",
			"Name": "键盘和鼠标垫 副本"
		},
		{
			"Id": "Part25",
			"Name": "桌子 副本"
		},
		{
			"Id": "Part29",
			"Name": "腿"
		},
		{
			"Id": "ArtMesh235_Skinning",
			"Name": "尾巴(蒙皮)"
		},
		{
			"Id": "Part5",
			"Name": "尾巴(旋转)"
		},
		{
			"Id": "Part4",
			"Name": "武器"
		},
		{
			"Id": "Part6",
			"Name": "问号"
		},
		{
			"Id": "Part7",
			"Name": "恼"
		},
		{
			"Id": "Part8",
			"Name": "困"
		},
		{
			"Id": "Part9",
			"Name": "啧"
		},
		{
			"Id": "Part33",
			"Name": "zuoz眼"
		},
		{
			"Id": "Part31",
			"Name": "you眼"
		},
		{
			"Id": "Part15",
			"Name": "嘴巴"
		},
		{
			"Id": "Part28",
			"Name": "you"
		},
		{
			"Id": "Part17",
			"Name": "左"
		},
		{
			"Id": "Part26",
			"Name": "装饰"
		},
		{
			"Id": "Part30",
			"Name": "壺"
		},
		{
			"Id": "Part27",
			"Name": "花"
		}
	],
	"CombinedParameters": [
		[
			"ParamEyeBallX",
			"ParamEyeBallY"
		],
		[
			"ParamAngleX",
			"ParamAngleY"
		],
		[
			"ParamMouseX",
			"ParamMouseY"
		],
		[
			"Param75",
			"Param76"
		],
		[
			"Param120",
			"Param121"
		]
	]
}